<?xml version="1.0" encoding="UTF-8"?>

 <!--$Id: catalogList.xml 7771 2012-12-03 12:18:05Z boer_g $-->
 <!--$Date: 2012-12-03 13:18:05 +0100 (Mon, 03 Dec 2012) $-->
 <!--$Author: boer_g $-->
 <!--$Revision: 7771 $-->
 <!--$HeadURL: https://svn.oss.deltares.nl/repos/openearthtools/trunk/matlab/io/opendap/catalogList.xml $-->
 <!--$Keywords: $-->
 <!-- Google Search: "tdsstaticcatalog" -->
 <!-- 92 servers minus some down -->

<catalog xmlns       = "http://www.unidata.ucar.edu/namespaces/thredds/InvCatalog/v1.0" 
         xmlns:xlink = "http://www.w3.org/1999/xlink" 
         name        = "List of THREDDS catalogs!"
         version     = "1.0.1">
  <catalogRef xlink:href="http://opendap.tudelft.nl/thredds/catalog.xml"                                               xlink:title="3TU (NL)"       name=""/>
  <catalogRef xlink:href="http://opendap.deltares.nl/thredds/catalog.xml"                                              xlink:title="Deltares (NL)"  name=""/>
  <catalogRef xlink:href="http://geoservices.knmi.nl/thredds/catalog.xml"                                              xlink:title="Royal Dutch met office (KNMI) (NL)"      name=""/>
  <catalogRef xlink:href="http://opendap.nmdc.eu/knmi/thredds/catalog.xml"                                             xlink:title="Nationaal Modellen en Data Centrum (NMDC) (NL)"      name=""/>
  <catalogRef xlink:href="http://opendap-matroos.deltares.nl/thredds/catalog.xml"                                      xlink:title="Rijkswaterstaat (password protected) (NL)" name=""/>
  
  <catalogRef xlink:href="http://gsics.eumetsat.int/thredds/catalog.xml"                                               xlink:title="EUMETSAT (EU)"  name=""/>
  <catalogRef xlink:href="http://ensembles.ecmwf.int/thredds/catalog.xml"                                              xlink:title="ECMWF (EU)"  name=""/>

  <catalogRef xlink:href="http://thredds.met.no/thredds/catalog.xml"                                                   xlink:title="met.no (NO)"    name=""/>
  <!-- http://bulletin.mersea.eu.org/ MERSEA -->
  <catalogRef xlink:href="http://topaz.nersc.no/thredds/catalog.xml"                                                   xlink:title="Nansen centre (NO)" name=""/>

  <catalogRef xlink:href="http://michigan.glin.net/thredds/catalog.xml"                                                xlink:title="GLIN (US)"      name=""/>
  <catalogRef xlink:href="http://www.glos.us/thredds/catalog.xml"                                                      xlink:title="GLIN (US)"       name=""/>
  <catalogRef xlink:href="http://tds.hycom.org/thredds/catalog.xml"                                                    xlink:title="HYCOM (US)"     name=""/>
  <catalogRef xlink:href="http://testbedapps.sura.org/thredds/catalog.xml"                                             xlink:title="South Eastern Universities Association (SURA) (US)"       name=""/>
  <catalogRef xlink:href="http://testbedapps-dev.sura.org/thredds/catalog.xml"                                         xlink:title="South Eastern Universities Association (SURA) (US)"       name=""/>
  <catalogRef xlink:href="http://thredds-test.oceanobservatories.org/thredds/catalog.xml"                              xlink:title="NSF Ocean Observatories Initiative (OOI) (US)"       name=""/>
  <catalogRef xlink:href="http://data.stccmop.org:8080/thredds/catalog.xml"                                            xlink:title="NSF Center for Coastal Margin Observation and Prediction (CMOP) (US)"       name=""/>
  <catalogRef xlink:href="http://thredds.daac.ornl.gov/thredds/ornl_catalog/daac.xml"                                  xlink:title="ORNL (US)" name=""/>
  <catalogRef xlink:href="http://geoport.whoi.edu/thredds/catalog.xml"                                                 xlink:title="WHOI (US)"           name=""/>
  <catalogRef xlink:href="http://motherlode.ucar.edu/thredds/catalog.xml"                                              xlink:title="UCAR (US)"      name=""/>
  <catalogRef xlink:href="http://thredds.axiomalaska.com/thredds/catalog.xml"                                          xlink:title="Axiom Consulting (US)"       name=""/>
  <catalogRef xlink:href="http://daymet.ornl.gov/thredds/catalog.xml"                                                  xlink:title="Daymet by the Oak Ridge National Laboratory, Distributed Active Archive Center (US)"       name=""/>

  <catalogRef xlink:href="http://ourocean.jpl.nasa.gov:8080/thredds/catalog.xml"                                       xlink:title="NASA JPL OurOcean PO.DAAC (US)" name=""/>
  <catalogRef xlink:href="http://thredds.jpl.nasa.gov/thredds/catalog.xml"                                             xlink:title="NASA JPL (US)" name=""/>
  <catalogRef xlink:href="http://megara.tamu.edu:8080/thredds/catalog.xml"                                             xlink:title="NASA TAMU ROMS output (US)" name=""/>
  <!-- https is not supported for THREDDS remote catalog indexing -->
  <catalogRef xlink:href="https://mynasadata.larc.nasa.gov/thredds/catalog.xml"                                        xlink:title="NASA My NASA data (teachers and amateurs) (US)" name=""/>
  <!-- https is not supported for THREDDS remote catalog indexing -->
  <catalogRef xlink:href="https://0-mynasadata.larc.nasa.gov.iii-server.ualr.edu/thredds/catalog.xml"                  xlink:title="NASA My NASA data (teachers and amateurs) test server (certificate required) (US)"       name=""/>

  <catalogRef xlink:href="http://oceanwatch.pfeg.noaa.gov/thredds/catalog.xml"                                         xlink:title="NOAA Pacific Fisheries Environmental Laoboratory (PFEG) (US)" name=""/>
  <catalogRef xlink:href="http://oceanwatch.pifsc.noaa.gov/thredds/catalog.xml"                                        xlink:title="NOAA Pacific Islands Fisheries Science Center (PIFSC) (US)" name=""/>
  <catalogRef xlink:href="http://data.nodc.noaa.gov/thredds/catalog.xml"                                               xlink:title="NOAA NODC (US)" name=""/>
  <catalogRef xlink:href="http://gsics.nesdis.noaa.gov:8080/thredds/catalog.xml"                                       xlink:title="NOAA NESDIS (US)"       name=""/>
  <catalogRef xlink:href="http://edac-dap.northerngulfinstitute.org/thredds/catalog.xml"                               xlink:title="NOAA cooperative Northern Gulf Institute (US)"       name=""/>
  <!-- down? -->
  <catalogRef xlink:href="http://edac-dap2.northerngulfinstitute.org/thredds/seagrass_catalog.xml"                     xlink:title="NOAA cooperative Northern Gulf Institute 2 (US)"       name=""/>
  <catalogRef xlink:href="http://edac-dap3.northerngulfinstitute.org/thredds/catalog.xml"                              xlink:title="NOAA cooperative Northern Gulf Institute 3 (US)"       name=""/>
  <catalogRef xlink:href="http://dm1.caricoos.org/thredds/catalog.xml"                                                 xlink:title="NOAA supported CariCOOS (US)" name=""/>
  <!-- http://www.ioos.gov/data/welcome.html -->
  <catalogRef xlink:href="http://dods.ndbc.noaa.gov/thredds/catalog/data/catalog.xml"                                  xlink:title="NOAA National Buoy Data Center (NDBC) (US)" name=""/>
  <catalogRef xlink:href="http://sdf.ndbc.noaa.gov:8080/thredds/catalog.xml"                                           xlink:title="NOAA IOOS HF Radar (NDBC) (US)" name=""/>
  <catalogRef xlink:href="http://opendap.co-ops.nos.noaa.gov/thredds/catalog.xml"                                      xlink:title="NOAA CO-OPS tides and currents "       name=""/>
  <catalogRef xlink:href="http://ferret.pmel.noaa.gov/geoide/catalog.xml"                                              xlink:title="NOAA PMEL (US)" name=""/>
  <catalogRef xlink:href="http://ferret.pmel.noaa.gov/geoide/geoIDECleanCatalogs/2CF2728013B3968CD6B635FAC7631CB7.xml" xlink:title="PMEL geo IDE CleanCatalogs" name=""/>

  <catalogRef xlink:href="http://tashtego.marine.rutgers.edu:8080/thredds/catalog.xml"                                 xlink:title="University New Jersey Rutgers (US)" name=""/>
  <catalogRef xlink:href="http://bmlsc.ucdavis.edu:8080/opendap/catalog.xml"                                           xlink:title="University California Davis Bodega Ocean Observing Node UC Davis (BOON) (US)" name=""/>
  <!-- down? although listed at http://www.sccoos.org/data/apis/ -->
  <catalogRef xlink:href="http://sccoos-obs0.ucsd.edu:8080/thredds/catalog.xml"                                        xlink:title="University California San Diego (UCSD) Southern California Coastal Current Observing System (SCCOOS) (US)"           name=""/>
  <catalogRef xlink:href="http://hfrnet.ucsd.edu/thredds/catalog.xml"                                                  xlink:title="University California San Diego (UCSD) (US)"           name=""/>
  <catalogRef xlink:href="http://uhslc.soest.hawaii.edu/thredds/catalog.xml"                                           xlink:title="University of Hawaii (SOEST) Sea Level Centre (US)"           name=""/>
  <catalogRef xlink:href="http://oos.soest.hawaii.edu/thredds/catalog.xml"                                             xlink:title="University of Hawaii (SOEST) Ocean Observing System (HIOSS) (US)"           name=""/>
  <catalogRef xlink:href="http://eosdap.hdfgroup.uiuc.edu:8080/opendap/catalog.xml"                                    xlink:title="University of Illinois HDFgroup (US)" name=""/>
  <catalogRef xlink:href="http://www.smast.umassd.edu:8080/thredds/catalog.xml"                                        xlink:title="University of Massachusetts Dartmourth (US)" name=""/>
  <catalogRef xlink:href="http://warnercnr.colostate.edu/thredds/catalog.xml"                                          xlink:title="University Calorado (US)"       name=""/>
  <catalogRef xlink:href="http://geoarc04.ssec.wisc.edu:8080/thredds/catalog.xml"                                      xlink:title="University of Wisconsin-Madison Space Science &#38; Engineering Center (SSEC) (US)"       name=""/>
  <catalogRef xlink:href="http://vortex.atms.unca.edu:8080/thredds/catalog.xml"                                        xlink:title="University of North Caroline (US)"       name=""/>
  <catalogRef xlink:href="http://tds.meteo.psu.edu:8080/thredds/catalog.xml"                                           xlink:title="University Penn State (US)"       name=""/>
  <catalogRef xlink:href="http://nas.o3d.org:8080/thredds/dodsC/dodsC/catalog.xml"                                     xlink:title="University Georgia Tech (US)" name=""/>
  <catalogRef xlink:href="http://coaps.fsu.edu/thredds/catalog.xml"                                                    xlink:title="University of Florida COAPS (US)"      name=""/>
  
  <catalogRef xlink:href="http://coast-enviro.er.usgs.gov/thredds/catalog.xml"                                         xlink:title="USGS Coastal and marine sediment transport group (US)" name=""/>
  <catalogRef xlink:href="http://cida.usgs.gov/qa/thredds/catalog.xml"                                                 xlink:title="USGS Center for Integrated Data Analytics (CIDA) (US)" name=""/>
  <catalogRef xlink:href="http://cmgds.marine.usgs.gov/thredds/catalog.xml"                                            xlink:title="USGS Coastal and Marine Geoscience Data System (CMGDS) (US)" name=""/>
  <catalogRef xlink:href="http://stellwagen.er.usgs.gov/opendap/catalog.xml"                                           xlink:title="USGS Oceanographic Time-Series Data (Stellwagen) (US)" name=""/>
  <catalogRef xlink:href="http://regclim.coas.oregonstate.edu:8080/thredds/catalog.xml"                                xlink:title="USGS Oregon State Warner College of Natural Resources (US)"       name=""/>

  <catalogRef xlink:href="http://opendap.aviso.oceanobs.com/thredds/catalog.xml"                                       xlink:title="CNES &#38; CLS (AVISO) (FR)" name=""/>
  <catalogRef xlink:href="http://myocean-ftp.acri.fr:8080/thredds/catalog.xml"                                         xlink:title="ACRI MyOcean (FR)" name=""/>
  <catalogRef xlink:href="http://www.ifremer.fr/thredds/catalog.xml"                                                   xlink:title="Ifremer (FR)" name=""/>
  <catalogRef xlink:href="http://tds1.ifremer.fr/thredds/catalog.xml"                                                  xlink:title="Ifremer development server (FR)"       name=""/>
  <catalogRef xlink:href="http://thredds.ird.nc:8080/thredds/catalog.xml"                                              xlink:title="IRD Legos Nouvelle-Cal&#233;donie (FR)" name=""/>
  <!-- http://dods.ipsl.jussieu.fr/cgi-bin/nph-dods/ -->

  <!-- Very old THREDDS version:THREDDS Data Server Version 3.16.rc7 Build Date = 2007-05-16 19:25:10 -->
  <catalogRef xlink:href="http://fe4.sic.rm.cnr.it:8080/thredds/catalog.xml"                                           xlink:title="CNR Italy (IT)" name=""/>
  <catalogRef xlink:href="http://tds.ve.ismar.cnr.it:8080/thredds/catalog.xml"                                         xlink:title="CNR Italy (IT)" name=""/>
  <catalogRef xlink:href="http://myocean.artov.isac.cnr.it/thredds/catalog.xml"                                        xlink:title="CNR MyOcean TAC (IT)"       name=""/>

  <catalogRef xlink:href="http://opendap.bom.gov.au:8080/thredds/catalog.xml"                                          xlink:title="Australian Bureau of Meteorology (BOM) (AU)" name=""/>
  <catalogRef xlink:href="http://opendap-tpac.arcs.org.au/thredds/catalog.xml"                                         xlink:title="Australian Research Collaboration Service (ARCS) (AU)" name=""/>
  <catalogRef xlink:href="http://portal.sf.utas.edu.au/thredds/catalog.xml"                                            xlink:title="University of Tasmania (AU)" name=""/>
  <catalogRef xlink:href="http://data.aims.gov.au/thredds/catalog.xml"                                                 xlink:title="Australian Institute of Marine Science (AU)"       name=""/>
  <catalogRef xlink:href="http://tern-auscover.science.uq.edu.au/thredds/catalog.xml"                                  xlink:title="Queensland Remote Sensing data (AU)"       name=""/>
  <catalogRef xlink:href="http://siss2.anu.edu.au/thredds/catalog.xml"                                                 xlink:title="Australian National University (AU)"       name=""/>
  <catalogRef xlink:href="http://aodaac2-cbr.act.csiro.au:8080/thredds/auscover/awap/catalog.xml"                      xlink:title="CSIRO CMAR (AU)"       name=""/>
  <catalogRef xlink:href="http://c3dmm2-data.ivec.org/thredds/catalog.xml"                                             xlink:title="iVEC (AU)" name=""/>
  <catalogRef xlink:href="http://tern-auscover.science.uq.edu.au/thredds/catalog.xml"                                  xlink:title="University of Queensland (AU)" name=""/>
  
  <catalogRef xlink:href="http://cod.ciimar.up.pt/thredds/catalog.xml"                                                 xlink:title="CIMAR (PT)" name=""/>
  <catalogRef xlink:href="http://opendap.mohid.com:8080/thredds/catalog.xml"                                           xlink:title="MOHID University of Lisbon (PT)"       name=""/>

  <catalogRef xlink:href="http://thredds.geomar.de/thredds/catalog_oceandata.xml"                                      xlink:title="GeoMAR HelmHolz-Zentrum Kiel (DE)"       name=""/>
  <catalogRef xlink:href="http://thredds.ifm-geomar.de/thredds/catalog_oceandata.xml"                                  xlink:title="GeoMAR HelmHolz-Zentrum Kiel (DE)"       name=""/>

  <catalogRef xlink:href="http://mersea.dmi.dk/thredds/catalog.xml"                                                    xlink:title="DMI MyOcean Baltic Sea Region (DK)"       name=""/>

  <catalogRef xlink:href="http://thredds.socib.es/thredds/catalog.xml"                                                 xlink:title="Balearic Islands Coastal Observing and Forecasting System (SOCIB) (ES)"       name=""/>
  <catalogRef xlink:href="http://193.144.46.146/thredds/catalog/data/catalog.xml"                                      xlink:title="InextMar (ES)"       name=""/>
  <catalogRef xlink:href="http://www.meteo.unican.es/thredds/catalog.xml"                                              xlink:title="Santander Meteorology Group (ES)"       name=""/>
  <catalogRef xlink:href="http://dataserver.imedea.uib-csic.es:8080/thredds/catalog.xml"                               xlink:title="Mediterranean Institute for Advanced Studies (IMEDEA) (es)" name=""/>
  <catalogRef xlink:href="http://mandeo.meteogalicia.es/thredds/catalog.xml"                                           xlink:title="Meteogalicia (ES)" name=""/>

  <catalogRef xlink:href="http://ice2seadata.nerc-bas.ac.uk/thredds/ice2sea/catalogue_ice2sea_index.xml"               xlink:title="British Antarctic Survey Polar Data Centre(UK) "       name=""/>
  <catalogRef xlink:href="http://rsg.pml.ac.uk/thredds/catalog.xml"                                                    xlink:title="PML Remote Sensing Group (UK)"       name=""/>

  <catalogRef xlink:href="http://aeolus.wdcb.ru:8080/thredds/catalog.xml"                                              xlink:title="International Council for Science (ICSU) World Data Centres (WDC) in Russia &#38; Ukraine (RU)"       name=""/>
  <catalogRef xlink:href="http://mis.myocean.org.ua:8080/thredds/catalog.xml"                                          xlink:title="MyOcean Black Sea (UA) "       name=""/>

  <!-- down? -->
  <catalogRef xlink:href="http://odc.scsio.ac.cn:8080/thredds/enhancedCatalog.xml"                                     xlink:title="South China Sea Ocean Data Center (SSCIO) test server (CN)"       name=""/>
  <catalogRef xlink:href="http://ds1.iap.ac.cn:9090/thredds/catalog.xml"                                               xlink:title="Institute for Atmospheric Physics, Chinese Academy of Sciences (CN)"       name=""/>

  <catalogRef xlink:href="http://las.incois.gov.in/thredds/catalog.xml"                                                xlink:title="Indian National Centre for Ocean Information Services (IN)" name=""/>

</catalog>
